"x","y","times"
0,0,"Once"
1,0,"Once"
2,0,"Once"
3,0,"Once"
4,0,"Once"
5,0,"Once"
6,0,"Once"
7,0,"Once"
8,0,"Once"
9,0,"Once"
0,1,"Once"
1,1,"Once"
2,1,"Once"
3,1,"Once"
4,1,"Once"
5,1,"Once"
6,1,"Once"
7,1,"Once"
8,1,"Once"
9,1,"Once"
0,2,"Once"
1,2,"Once"
2,2,"Once"
3,2,"Once"
4,2,"Once"
5,2,"Once"
6,2,"Once"
7,2,"Once"
8,2,"Once"
9,2,"Once"
0,3,"Once"
1,3,"Once"
2,3,"Once"
3,3,"Once"
4,3,"Once"
5,3,"Once"
6,3,"Once"
7,3,"Once"
8,3,"Once"
9,3,"Once"
0,4,"Once"
1,4,"Once"
2,4,"Once"
3,4,"Once"
4,4,"Once"
5,4,"Once"
6,4,"Once"
7,4,"Once"
8,4,"Once"
9,4,"Once"
0,5,"Once"
1,5,"Once"
2,5,"Once"
3,5,"Once"
4,5,"Once"
5,5,"Once"
6,5,"Once"
7,5,"Once"
8,5,"Once"
9,5,"Twice"
0,6,"Twice"
1,6,"Twice"
2,6,"Twice"
3,6,"Twice"
4,6,"Twice"
5,6,"Twice"
6,6,"Twice"
7,6,"Twice"
8,6,"Twice"
9,6,"Twice"
0,7,"Twice"
1,7,"Twice"
2,7,"Twice"
3,7,"Twice"
4,7,"Twice"
5,7,"Twice"
6,7,"Twice"
7,7,"Twice"
8,7,"Twice"
9,7,"Twice"
0,8,"Twice"
1,8,"Twice"
2,8,"3 times"
3,8,"3 times"
4,8,"3 times"
5,8,"3 times"
6,8,"3 times"
7,8,"3 times"
8,8,"3 times"
9,8,"3 times"
0,9,"3 times"
1,9,"4 times"
2,9,"4 times"
3,9,"4 times"
4,9,"5 times"
5,9,"5 times"
6,9,"6 or more"
7,9,"6 or more"
8,9,"6 or more"
9,9,"6 or more"
