"institution","year","visits_m","index","comparability_note","site_note"
"Australian Museum","2018-19",0.4,100,"Counted by each institution's own method; compare within an institution, not across institutions.",NA
"Australian Museum","2019-20",0.1,25,"Counted by each institution's own method; compare within an institution, not across institutions.",NA
"Australian Museum","2020-21",0.5,125,"Counted by each institution's own method; compare within an institution, not across institutions.",NA
"Australian Museum","2021-22",0.5,125,"Counted by each institution's own method; compare within an institution, not across institutions.",NA
"Australian Museum","2022-23",1,250,"Counted by each institution's own method; compare within an institution, not across institutions.",NA
"Australian Museum","2023-24",1.5,375,"Counted by each institution's own method; compare within an institution, not across institutions.",NA
"Art Gallery of NSW","2018-19",1.4,100,"Counted by each institution's own method; compare within an institution, not across institutions.",NA
"Art Gallery of NSW","2019-20",0.9,64,"Counted by each institution's own method; compare within an institution, not across institutions.",NA
"Art Gallery of NSW","2020-21",0.5,36,"Counted by each institution's own method; compare within an institution, not across institutions.",NA
"Art Gallery of NSW","2021-22",0.5,36,"Counted by each institution's own method; compare within an institution, not across institutions.",NA
"Art Gallery of NSW","2022-23",1.7,121,"Counted by each institution's own method; compare within an institution, not across institutions.",NA
"Art Gallery of NSW","2023-24",2,143,"Counted by each institution's own method; compare within an institution, not across institutions.",NA
"Powerhouse Museum","2018-19",0.9,100,"Counted by each institution's own method; compare within an institution, not across institutions.",NA
"Powerhouse Museum","2019-20",0.6,67,"Counted by each institution's own method; compare within an institution, not across institutions.",NA
"Powerhouse Museum","2020-21",0.3,33,"Counted by each institution's own method; compare within an institution, not across institutions.",NA
"Powerhouse Museum","2021-22",0.2,22,"Counted by each institution's own method; compare within an institution, not across institutions.",NA
"Powerhouse Museum","2022-23",0.6,67,"Counted by each institution's own method; compare within an institution, not across institutions.",NA
"Powerhouse Museum","2023-24",0.4,44,"Counted by each institution's own method; compare within an institution, not across institutions.","Ultimo site partially closed from Feb 2024 for heritage revitalisation works."
"Museums of History NSW","2018-19",0.7,100,"Counted by each institution's own method; compare within an institution, not across institutions.",NA
"Museums of History NSW","2019-20",0.4,57,"Counted by each institution's own method; compare within an institution, not across institutions.",NA
"Museums of History NSW","2020-21",0.2,29,"Counted by each institution's own method; compare within an institution, not across institutions.",NA
"Museums of History NSW","2021-22",0.3,43,"Counted by each institution's own method; compare within an institution, not across institutions.",NA
"Museums of History NSW","2022-23",0.7,100,"Counted by each institution's own method; compare within an institution, not across institutions.",NA
"Museums of History NSW","2023-24",0.8,114,"Counted by each institution's own method; compare within an institution, not across institutions.",NA
"State Library of NSW","2018-19",0.9,100,"Counted by each institution's own method; compare within an institution, not across institutions.",NA
"State Library of NSW","2019-20",0.7,78,"Counted by each institution's own method; compare within an institution, not across institutions.",NA
"State Library of NSW","2020-21",0.5,56,"Counted by each institution's own method; compare within an institution, not across institutions.",NA
"State Library of NSW","2021-22",0.4,44,"Counted by each institution's own method; compare within an institution, not across institutions.",NA
"State Library of NSW","2022-23",0.8,89,"Counted by each institution's own method; compare within an institution, not across institutions.",NA
"State Library of NSW","2023-24",1.1,122,"Counted by each institution's own method; compare within an institution, not across institutions.",NA
"Sydney Opera House","2018-19",2.1,100,"Counted by each institution's own method; compare within an institution, not across institutions.",NA
"Sydney Opera House","2019-20",1.6,76,"Counted by each institution's own method; compare within an institution, not across institutions.",NA
"Sydney Opera House","2020-21",0.3,14,"Counted by each institution's own method; compare within an institution, not across institutions.",NA
"Sydney Opera House","2021-22",0.4,19,"Counted by each institution's own method; compare within an institution, not across institutions.",NA
"Sydney Opera House","2022-23",1.5,71,"Counted by each institution's own method; compare within an institution, not across institutions.",NA
"Sydney Opera House","2023-24",1.8,86,"Counted by each institution's own method; compare within an institution, not across institutions.",NA
