"group","label","rate","rse","diff","reliability"
"Highest education","Postgraduate degree",28.2,4.6,11,"reliable"
"Highest education","Graduate diploma or certificate",25.8,7.4,8.6,"reliable"
"Highest education","Bachelor degree",25.5,4,8.3,"reliable"
"Highest education","Diploma or advanced diploma",18.4,5.4,1.2,"reliable"
"Highest education","Certificate",13.8,4.2,-3.4,"reliable"
"Highest education","Year 12",14.4,6.1,-2.8,"reliable"
"Highest education","Year 11",10.9,10.9,-6.3,"reliable"
"Highest education","Year 10 or below",8.9,4.7,-8.3,"reliable"
"Household income","Lowest 20% of incomes",9.5,5.8,-7.7,"reliable"
"Household income","Second 20%",12.8,4.8,-4.4,"reliable"
"Household income","Middle 20%",18.2,4.3,1,"reliable"
"Household income","Fourth 20%",21.6,3.9,4.4,"reliable"
"Household income","Highest 20% of incomes",25.5,3.8,8.3,"reliable"
